{
  "intents": [
    {
      "intent": "SearchByArtistIntent",
      "slots": [
        {
          "name": "artist",
          "type": "LIST_OF_ARTISTS"
        }
      ]
    },
    {
      "intent": "SearchByVenueIntent",
      "slots": [
        {
          "name": "venue",
          "type": "LIST_OF_VENUES"
        }
      ]
    },
    {
      "intent": "SearchByCityIntent",
      "slots": [
        {
          "name": "city",
          "type": "AMAZON.US_CITY"
        },
        {
          "name": "state",
          "type": "AMAZON.US_STATE"
        }
      ]
    },

    {
      "intent": "AMAZON.HelpIntent"
    },

    {
      "intent": "AMAZON.StopIntent"
    },

    {
      "intent": "AMAZON.CancelIntent"
    }
  ]
}
